,population
YHO,2727.970185602788
PRA,1192027.6510263958
BQS,1089847.6729730912
DIL,1674586.5221513074
SFB,2575228.75608304
MAD,10884844.805099802
YVM,839.2043490362587
NTX,90019.33487885377
YCU,12806490.252740815
INV,249880.2362047609
KGD,1269000.1726842085
LBB,557807.025109465
TIV,567353.9858418362
BRE,2576350.439639456
ACH,341918.72487103305
KLW,3207.199878927805
JJU,1742.0683507292279
JKR,12627208.605976712
LMM,1113926.1219909005
KAZ,406863.0878489478
HPB,757.4783164488164
MGQ,3734495.046108636
IGR,1326361.1024580435
PMC,605510.9751463489
MPN,2680.4582699400007
GRO,1574315.3686888209
KIJ,3375267.739208257
PBZ,601762.5845946579
OUZ,77948.65355369268
YTL,467.4527452132945
BDB,59275.15919952793
KZI,187621.74812003414
INN,450910.9290990624
NLG,410.39832977281685
LKO,51263888.550506204
JQA,2868.622729688197
ALG,15755317.450981388
DIR,3437673.0222667907
MDQ,1202471.975853087
STR,4000233.2246014033
TNJ,192116.15765005138
TUN,5319400.261588667
CIT,2398948.045747037
HKN,295649.9461959036
WMN,1023354.7707475312
TRI,431452.2903127842
LAQ,372258.1976812565
MLN,714973.374240581
IXC,7385470.350285238
TAC,841307.5071747806
PTJ,47147.57823102876
WRG,4485.978212368403
KAJ,142631.0769086168
SHM,587182.799869339
UST,144423.29619778038
CDG,10839045.446403593
LEQ,103424.37862711564
HAS,802759.8419749113
YFJ,1429.137887589477
SDF,1768992.6699026527
YXU,673845.764232356
AVN,247073.6977791241
PGA,119291.05542951376
CVU,5250.686756933058
HAV,3191290.039153682
VAR,2664683.2419401417
YER,232.62473033735318
SGD,223896.26863279592
CLD,269869.26384208107
SCE,331439.2845112864
LBL,201689.6626999655
YXP,1374.2385649637415
BCN,5148389.916988446
PKU,6515209.02564205
CGI,245238.40574758765
DJG,30946.969533980355
ABI,137393.56393380844
DSN,4410793.299073273
HME,306307.55628914107
PEK,58649178.58455007
SSR,6604.159616233965
SID,100237.55466699724
SJT,245203.9696078484
WNR,539.558539174035
FEG,1390256.6506925635
TPQ,579829.5964766416
MTJ,60936.39177210885
SHA,18415313.019746147
SDJ,2366394.6399631524
BUZ,615075.8172122451
MSW,778072.3281451847
LUZ,1876918.1382017462
BVE,451130.5258940574
STM,520255.1346409234
IWJ,443439.86473235843
LPY,255357.44582294935
DMU,5534810.001647813
TUL,1471803.714285239
UDR,13355507.4059211
IXA,9237973.188911984
ATQ,11764957.963808365
HLN,100955.07941558283
IDA,207055.16342379613
CXB,1358954.7070368207
HOM,14706.037146243782
SPU,1394865.526836747
HHN,2257942.2863971186
CPC,330431.1381841795
BTT,305.59421145745495
NCU,2226407.8147082897
DNZ,266654.5485408466
YIH,10028968.550443696
SLZ,4626387.264495358
RNA,29116.133478728112
TXK,166084.03739058218
YAK,1286.4135900527335
BSL,3134357.581438463
ERS,312780.9778987225
KRP,125164.62354608314
TNW,536746.9377027471
YZP,1687.8543371673015
BOH,685927.907393852
RBR,464310.69589679845
GFF,78547.46730896077
RGK,507564.2326065006
IIL,3466851.682888538
TME,718766.887521432
LUO,695543.1399971015
AJF,371942.6947965127
NQN,875034.6954496114
JUL,1349754.1866954586
YPH,1395.665237942858
BFI,966590.337355732
SPI,296688.7577127333
DIN,1726413.1229791357
WAA,2368.30064978757
YQL,68904.98123339398
CJS,860121.7083194231
BLE,136921.69359700143
JUJ,844078.555630394
LYR,2687.197812009998
GLF,215544.742197045
SHV,320027.69950018893
CFC,608146.9044208621
FIH,8796298.698063638
MDT,736853.564935568
HAN,30706614.98345956
LHR,8336719.005630072
TRU,1538481.0434169997
TLS,2635768.279946451
GRU,16864455.040956136
RAH,336887.0317285159
GOU,5923209.8601444485
YSJ,141771.18407241564
MUE,15388.008441366315
OKA,1262106.501000393
HNM,34313.29945071393
KEJ,858977.6932120094
AGH,185272.6954086297
OLP,9137.625966083333
YUY,86659.59924940544
HRM,538117.1736803461
QOW,7273566.3099047225
ENA,14698.506181170327
GAM,1668.2373323334198
SNP,295.657132
ZAZ,477943.3913873878
KUO,140062.3628354696
PIE,1324199.1935132823
THU,307.98086469040766
SUB,24058738.43706953
ULO,129531.53524172989
LCX,2121183.890314724
AXT,1081750.7268467732
IQQ,359777.48697540787
ADL,1228213.2615238912
IGG,285.30844073254343
SDK,542276.8866014384
TGK,935365.176655798
SCW,551497.576931564
YRL,30480.519685146766
VIN,1111482.7365313966
ULP,1601.5694214890966
DOU,823846.5329984919
KAW,645910.541091373
YES,801165.6926447048
ASW,1059448.715675174
LGP,1170373.4617191209
KHI,31352559.73072804
SVQ,2447434.202961041
HAM,5161249.4499738
YVP,1935.3594640850367
TUS,877149.1584263581
THL,1184526.687893787
MGZ,1279766.0417433418
JBR,196443.1849600768
MMB,184648.69828389067
TOE,617309.6641989371
AVP,550734.3320781643
MKG,232674.0485905621
KNS,67225.81088388179
THX,20626.7682938112
ARU,998102.3332379713
SSY,975412.114825572
SRZ,1107761.8761297879
MZW,394374.4870777266
ELU,311703.21297426434
BDP,10591325.814028364
XBJ,845809.474379097
GUA,14326071.026417295
JTR,82651.2449121035
MZG,1180568.936016939
KSC,931562.6831396085
STZ,119408.32319832625
LIS,5658493.326339722
JGD,1431649.8863629175
GOH,16028.535124365915
MGM,328355.70152370003
YCD,129907.74569573865
SHG,274.2457811785713
VPS,359179.05393215397
RKA,803.2234025297676
CZX,7892522.701795942
TGH,5262.328728460257
YLW,327203.87821893784
CFU,1176213.12703718
GLH,335127.0655158772
JOG,20740656.023264684
CKZ,364435.5253070496
BSO,175077.16719109964
TAP,2188115.821772551
SKK,474.7532476044397
CBB,1550737.7251852208
TTJ,722190.93207179
LPA,978956.1349239836
YYY,132307.36584464018
TLC,3851659.7029751423
CPD,4581.993125783333
YEG,2043239.8873294475
SKO,18892526.24895397
JST,279733.6323361791
UNG,399134.0226551274
FLO,170833.56078998005
AYT,3037813.2175576226
PBM,672351.4762432595
KIF,134.7297032200697
OUL,159684.49756186013
TAB,189835.2067852691
AXP,53131.35010984005
IRK,218784.03878119867
VNO,3653270.865713796
MUA,27032.545971023457
CHC,443623.13011564576
EAS,333701.82886570005
DME,13459812.27367374
YAT,1275.4746995051567
WAE,324387.2222325425
WTK,419.3631696302928
IOS,961825.5109565116
BCI,2142.9547197903594
USK,131716.55545052805
NDB,174577.13566597571
RNS,668983.4372484245
YPW,57283.84216873112
POL,2463600.719145288
ALF,24608.293694034972
DNK,3875892.1005799607
HFT,29921.99539439805
DRG,773.2914690888504
FUK,4979027.4667312885
MGH,1258279.9342587623
NYM,74349.97959770891
HRO,231634.59034203851
GLA,2162501.718671045
BJR,3991388.165708703
BNI,7933694.204666718
RNO,626184.8932608864
HOE,460740.1070381621
ZNZ,3527250.237467629
SMK,313.09081237280037
BRR,49850.509853682335
STS,375214.27622387104
AAX,493762.0375197587
DOL,224159.77375138007
SOW,219793.04769507554
HID,8646.503381214343
COQ,87676.50334369691
XUZ,17652356.68991269
CID,605229.7761550692
BUC,1301.1904923147688
NAW,681787.4198127816
GAJ,974398.2793998291
AOK,46090.569808499786
XTG,1261.849869822183
KWA,14941.609034000005
DBO,120472.30697854735
TNG,1584412.4626492646
KBU,980349.27968691
AQP,1812118.941526952
ACR,74052.57256778386
WMR,348383.2075729325
CBQ,5865547.650007636
TSR,1493923.7449271644
RZR,1245260.300214332
HGH,24457884.22569068
BTR,458491.20921784826
SVZ,589027.5785354587
SWJ,9277.245472049955
AUK,586.414791807104
KBV,963595.8743237724
IRA,16719.693296279183
EZS,1343038.193713867
AZO,354175.6281616033
EDI,2853503.1721811118
CRA,973101.3583913944
DIB,5841376.700110819
YWJ,364.80998291508973
STD,842343.5264078064
ODY,633716.5778178453
EAM,1439774.1533937587
WRY,29495.819874683682
PBJ,8282.609959538726
VRA,1052645.4879458663
SCY,17422.404323004354
BYC,362646.2899629336
YQC,611.9217839132095
HJR,13350159.062892387
GIB,773848.6133284519
PMF,356110.98359556706
IAO,407954.06840507494
DLC,10984072.4415244
OLF,23863.90674962869
ZFN,518.4251669991752
NWI,518824.97325199813
DQA,3036278.632517233
PYH,145408.31565505321
GPA,179545.54711741034
HVD,119173.2759147776
WRE,109288.94977125878
LSP,985754.8226599984
CEK,1448990.7561316902
ROB,3329692.8904838976
QUO,3615358.013007997
LDS,2217281.763378229
PLW,2311467.241677016
LGL,233210.0949248941
KZN,4486415.721882129
GUM,130036.22244472393
CED,7092.592085891668
DYR,16180.451407499993
FUO,932681.7627447513
VRN,1238865.3465179352
MID,1864708.560216793
IXU,20572649.97875042
YRT,3085.8006964964284
CHU,317.6965647523549
LDY,179728.35766907738
TSH,6625233.3260092465
UAK,1912.1337025184714
SFJ,4970.484033429716
TIF,1330395.906346057
GVR,1261208.9866293694
DNH,457475.1616276626
BHK,3158623.1248102468
WGP,454127.30170072103
SXX,95616.6721736921
TLL,928160.5639774622
MCP,494338.20035218744
CPV,1927061.2510125053
EDR,804.4158705348973
ERF,483956.9881750188
MBI,6474856.673770377
HVR,38864.32561105172
BFD,270108.32798890816
KTN,32818.13578081048
AGP,7472988.402124663
HMV,17199.895141251684
ACX,3067450.0284706787
BOG,13817794.752485033
GIZ,2455318.357895052
BVH,262707.7154433334
ADD,38098998.29319613
DPS,10263933.560243888
AGT,849843.0893166658
PDA,127251.54995599863
LWN,440695.21614440397
AGA,1761543.3735924915
MJV,1367099.6409187177
PHL,7776919.203855477
YZZ,115196.72774748807
HAC,2403.5875979599273
GAF,334002.8015236669
GOQ,448105.1685366533
HGR,215552.83859974038
CJU,1281688.7933877886
PPQ,61645.504987035965
FAI,59830.359026283455
CZS,202504.16385758203
TSF,1631184.6900456203
XQP,227242.6499789957
BNN,32444.404724814893
MGW,229576.5252079002
QRW,6629990.558139162
MSQ,5251849.3636313
IUE,1390.2648
UIB,954627.7076146256
VEE,10616.574770502255
SZB,3962385.915975057
JIU,2927297.182500972
TIA,1214573.265519377
NVI,2324618.210492352
KAL,181.9214936753421
CKS,666252.0992507121
YFB,6960.010611809966
TSV,223360.07818580087
BFF,59885.796545906924
TNC,620.2048631694612
NLD,968763.3054712922
NTQ,573692.4756833715
IOM,867435.7405887784
ELM,306951.2027715541
TKP,594.4061865522152
TSA,2027109.537655364
PXU,1838073.1460900768
PLZ,1248786.145300906
GRJ,611705.0181342801
MDL,8025834.666899436
USM,1084181.6327437577
BKZ,3161453.4686938813
HAQ,66295.13866231349
CIP,2288893.2538236408
NNG,19219241.20321865
CDR,78384.17273759253
EYW,635580.264733737
ZGS,14736.435032572932
SUX,231190.53278446585
MLY,5282.948375146953
ELS,2268185.678914484
AYP,1014045.9003967096
GBT,1481653.101604703
ANI,1681.548734519842
RVE,950259.1223608357
KOE,1784253.2596417558
AQJ,157073.19886490938
NOP,565364.5195008594
AXU,3342659.911005335
TRV,9218119.62362825
MXP,6433888.95812188
RJK,404585.40370272077
MCT,2165377.279247202
ZNE,6347.373152797298
OZC,1825357.1655455052
MOF,816007.1133129762
YSG,1678.9654879160737
MAQ,1077671.2180695569
EJH,74691.36115366584
WVB,193317.69447135067
BZO,237761.28876667013
PBI,513098.1795342735
BJL,3884883.752476375
RAP,153890.49354709632
BMY,5515.3237683060215
YNG,284790.29244392924
RIC,1039931.4319024438
WRO,3854958.9283830817
KIH,481474.87846190203
AZN,869688.0074334125
LLK,924315.0244679601
KDU,848813.908496947
DMD,1778.6756413963126
CGO,60518384.4400015
AMS,12498155.011021128
VPY,1659741.3642038174
SYD,5283835.670488833
LZY,1900830.9987281638
MUW,588654.6172056975
SAB,26972.47157365343
YCO,1782.21348
AGB,184770.19035343593
CYX,7221.460984569916
CIK,491.47383749402763
FJR,196717.31719455388
SNA,1905505.6448528543
KLG,808.2349316575512
PDS,464144.4634005416
AUU,2089.3633429384145
SHX,267.1721213357497
KMI,622682.3802809026
IQN,3818489.8229114213
KIV,5395799.948155632
DRV,92012.68031259069
LLW,8128667.296270036
BDU,9789.912820760172
ZFM,911.7311723771112
SGC,248821.1818884613
IKO,970.4947160358992
HTA,677610.9510088839
CUU,2031473.093693385
YVB,99493.84209489217
CZE,439063.580587245
YTS,148167.33319029794
PUG,72137.90902447092
PUW,148133.0504551235
GRX,476579.4150662182
KYK,119.80765503625952
LBA,2316652.070364594
PKZ,2148082.243158872
TJQ,285450.92182819184
FRW,1026592.1829376422
TMW,74819.19137587055
SYO,511079.6767722006
KQT,2053589.1344636881
ELV,1074.5166011552228
ADQ,94.7392503572277
FBM,7721081.480226281
LKB,1985.6057229504474
CMA,9142.3762551188
URJ,145856.1913619892
TVC,178710.78683984038
ASJ,84137.20973097747
MHK,359389.03169204696
BES,451587.2691769408
LIT,948464.2823616372
PUS,7040758.4281459935
IWK,479216.9483372766
RFD,376086.8722804652
FUN,10242.59387
UME,187700.934532194
ALA,4116462.730357589
AOR,866657.4005733636
PZH,4902378.8810962085
IAN,567.9929458226458
YXH,40583.46338621973
LRM,731686.6283421323
FSD,546983.5179367189
WKJ,226305.7863281785
EVG,64419.462447056794
SHD,220032.22806569003
TCZ,2404670.500618176
TAM,1154905.5961401942
SOY,37486.79334971995
CRP,323631.1299751977
VDS,134211.74136210614
WBM,281069.770912683
BOS,4527019.956518989
REG,301753.77138288465
OOK,840.3723612291423
GEG,373755.87115650455
ZHA,5936363.653127222
GHT,65281.538533573534
TET,6643912.399489543
ZSJ,2582.850556207494
GCC,105706.55886974608
HAH,737684.3446812269
TEE,841862.2139479985
JNS,866.2996953557242
BIS,107816.81325713145
EFL,130027.0448007651
KOS,909893.4364852641
LOP,2195503.970459233
YUX,918.0421826179711
HMO,1755451.244241826
MZL,761744.1765377191
KGC,91484.90074493462
BLR,51849778.00849114
EBA,298078.42286051763
AJI,560978.4321230943
SCZ,21883.2675735728
AAQ,584633.5138300783
BZE,1305745.0079792638
WMI,3042415.7356714
LTO,253317.97212678328
SJD,552137.6169821292
HOF,460077.8134830396
KHH,2717480.9303365457
TBB,1149624.8047141149
VCT,271941.8052585638
THD,2034431.9219131868
PHE,22506.175726119498
HNH,4448.771529912898
LRH,569849.8999957832
MCN,226067.33375309335
DRK,150396.63548216413
ZYI,4808404.249677776
JUB,8351452.844532748
ANG,269636.0482208253
VDZ,12664.16967836875
BWN,488582.9350023276
MEE,12725.429140487642
JSR,8081384.439938148
AFZ,933908.9580064948
RZE,2407563.6491752397
HNS,15258.533345821512
PEM,192151.7338722277
CJB,14642201.585133478
NRK,87993.56175909386
LMT,97705.58294749391
YHD,14068.916825955332
NAG,26355046.39197604
DAD,4631914.649624709
DMM,3883865.659663151
JZH,3063008.940346483
FRE,22543.219098070316
JUV,2570.744572681757
SNN,604465.7854237261
MMH,98543.70127670123
TIJ,2587993.660129886
MXL,230082.02282844193
ABZ,632085.6425626521
CIU,58206.67843194124
PHW,1553812.249748387
CTM,125898.15665634039
DEB,586769.9575476404
PIP,330.868744240328
KVX,1185523.2111819368
COR,3300662.3097684365
JHW,431333.932286729
MHC,143999.12937331677
CCU,95182493.22208524
JMK,552634.7893377619
CLT,8111569.039607901
CMN,15232300.26623736
IXS,4986286.579370705
BFV,1311213.610844525
EBJ,223136.86523359202
HDG,9026373.058658402
HLZ,212713.23546025925
TYN,24550568.80037727
DOH,5972527.512506083
ETH,444356.4849812571
NGK,44754.2228884919
MAO,3101168.821108632
NBS,4197187.023245283
AIU,2592.9596123073597
AXK,601863.2707434007
MAG,826739.5521002427
MYG,7715.2252826296935
ELC,3766.2843034376237
DOY,4108873.2242018925
FMM,1039417.400847828
PVG,36462576.92125873
ELD,388694.7694582026
MLW,1710851.4959944268
CNS,238440.11073697306
OLC,150253.93009705225
NME,464.99119224661314
MGF,2335353.0240320745
VCA,3360759.276062665
CND,930289.316963762
ORY,5985134.614940588
PMY,76591.63983239928
AOE,465323.9975598938
BLK,523254.89424852177
MHD,6215875.4796208665
ALW,91729.52333854794
LAS,2606113.24903665
ASB,3033494.724617112
MSJ,344250.6257295747
CAI,61467659.76268487
DAV,161460.8644983611
YWL,58110.91302112711
JKG,149655.81165761914
YYU,22701.65814954235
BGY,4487514.868058723
OGZ,913995.2938299836
YQR,323815.3098343441
KRL,886695.2174046863
SVU,67180.52529210232
ZLO,711015.2978306208
PSA,2407421.777284019
INH,904761.8074143452
CIF,5482387.6684923265
JYV,182250.5165323295
XMH,1859.5504898823456
YHZ,704773.0919382514
YUB,793.2152947728878
WHK,35972.44105053455
HRI,1213015.1085840492
PZI,1832256.69444718
TIU,62731.383969692775
UGC,3607079.1627927967
ABS,140193.90578529527
URA,439825.1312958757
JIM,7966764.998636778
YAG,121727.60866340168
NEV,51879.75954884966
YSY,111.820008
PQM,1402427.7687037557
OSW,393361.9997861311
RUN,1137771.448963651
CFS,49467.38707570858
FAT,505088.18243314006
LBJ,965897.034267555
YWH,445793.9641245628
YWP,111.84115544577517
ZIH,942918.4905709428
SLC,2767509.9700348624
URC,7894154.662833275
YYZ,8398045.070158074
RAK,4983965.584322103
BVG,29184.94523630356
KOV,367624.57318961073
BLL,1624445.4147111154
BKY,6535758.385119947
TAL,13135.29610664025
NIM,10121954.85395719
MAS,57313.54097083706
TRW,102213.45797999999
HEA,3746173.0694451146
DLE,310330.9409234281
BNS,498003.5028091068
ROA,603328.5213988823
SRP,61429.59341127119
MHT,703307.8603226843
INL,62485.065090959324
OMH,1746700.8928127203
BZG,765053.1883884212
BUW,982771.9503445751
LBE,249908.08919774895
SOQ,734861.5070979946
UPN,1073010.999371186
EAE,4983.76847339417
AAL,543700.5259242682
ADB,2343630.1084453305
WUH,38326390.85174008
ZAH,1290993.3706998795
PSM,157593.66625073444
LFR,628425.7319672339
PAS,157199.36744168514
KGA,11183357.554107597
ACY,544184.86070188
SPC,94644.55264162034
JAL,891542.6800508469
CAW,917830.5127860152
HYD,58874620.24172076
SLQ,37.61637784396585
RUR,2459.203190026428
TJM,1561826.2438593225
GCW,353125.63161890657
HIA,7255680.161752264
YQD,47790.306835119416
LUK,436214.45629446954
SRE,627086.3126769036
AZR,379821.993952341
CZL,3681825.664224529
ULK,36529.855517650496
HER,193446.41792506448
JHB,1293612.055098243
BJV,910071.1612791652
VAS,1264726.154204627
PSS,1034029.4997743756
ICN,35524020.7257021
CSH,204270.53769807282
YQY,36100.372326622404
ACE,341689.32916620554
TNR,9863406.460674033
BQN,178684.22923612344
GOA,841197.53729987
DCA,3937718.859831229
NST,448729.65630344977
YPN,22189.617322074722
NLA,3700442.8021967066
HNL,722205.8901485935
PDT,96509.17883651283
OSY,51792.231412271365
ERL,312578.0946142393
GAU,23506020.02970757
HDY,1432390.7750996815
AEX,393254.8369936847
YLC,1160.1724348552762
IAM,100190.21498711348
SZA,962786.6148119072
TGP,26022.89845
YXT,15314.27279021726
GVA,5874051.80447152
SIP,1356780.502089442
BAY,747323.5105136278
BSD,1239018.0185432422
MJT,544226.2693508634
YFA,1349.145825142252
UTH,1763821.8356903982
AKL,1748784.0493756582
KVA,344500.6670086545
LTD,141260.7049324325
TGU,3923309.0676053492
KAN,37023000.22284733
AMD,40354647.54436804
PES,305742.2689907828
LPT,707590.4400356051
CLY,192816.61342276755
MPH,1058364.2926759948
TIZ,400904.78843489353
PJA,53432.517002165645
GMA,5895704.4494616715
MRX,1005108.8751604016
IFN,4872927.968039501
CTL,9804.147533659809
MEH,14022.075896480374
KUN,1347333.7540341313
MQN,23450.479895949116
AUC,336615.3931837837
ROW,299572.0459376999
GYD,4319752.988406002
YRG,1536.7855952886566
EAU,168382.56915002535
MTR,1406143.4439708649
ZPB,2746.5425827490944
TST,636363.5807361737
LDH,360.164572
OHE,428297.87733267696
MCX,1489815.810781472
GET,50268.255613186244
GAE,333115.9366685146
RMQ,4059166.1902743913
GRZ,786326.811142829
RKS,79846.46107903529
TAY,249339.088505608
BSK,1045994.5282587124
FNT,466399.2968160613
TUB,1213.8961487119354
VNX,702846.4409382053
YKS,468233.8006999997
YCL,79120.8945901922
LGI,16822.686156410407
BGG,875459.7380006331
KID,109468.78988722527
NYU,2834707.2426417987
YGR,89881.61111328023
KCM,2556362.1808009865
VLD,167277.63182500526
PVC,118623.57892581132
MFE,1558089.8302092038
MGT,4023.128052253245
XNA,997448.8576988544
ATC,17306.93046407158
JGS,5841480.4594565565
ITO,22588.29734653125
OWB,292323.03223991685
PUJ,3493301.0372380167
LDE,510577.3497416964
SKB,46579.95588186662
TWB,208550.02320422934
NRA,92306.57995684916
WIN,3244.950889665805
YBG,358378.3177290566
GHA,513341.47633776383
ZTH,300797.7001479028
CSY,800280.2249259971
SUG,854451.8906655483
KAO,87560.28899575927
LYB,41773.40520999408
AQI,399232.77299891115
UDI,1664137.5955499634
JAU,1077409.730484407
BNE,2460048.539222236
PNZ,2190877.618247603
JFR,1662.3558124952435
YGX,7212.981058318437
PNH,9552224.876489785
OMD,96518.81025536194
TPA,2326001.1400755467
PBU,880322.4690885853
CJL,3116798.4733484387
LAM,109906.89336969967
DHI,11218033.963206638
DSM,1081970.4792133514
PWQ,883918.7690156483
MSR,1135591.5417046202
RIW,37073.58875657815
YAC,1911.550488110092
UTS,66094.04669762109
DVO,4996184.668043068
AIA,30203.67765144544
DAX,3567272.302520732
AQA,797084.6510532685
MPA,548434.2837820152
KRO,412528.356144757
BVI,328.7821987565308
VII,2595087.5455968142
LPP,386504.1904175766
FNA,5922975.988512468
SEN,592418.1062149431
YBR,119410.616862016
BHH,729447.6745311881
MIG,8336190.981754053
PZB,1473606.21178055
EEK,742.6484142397603
DPO,45175.27780538607
BLD,303873.8640959087
KME,2721454.4578952403
GOJ,3925286.185442872
AUA,1125020.3603268457
HOR,16736.53766624364
LEJ,1871262.0958050343
SFT,101694.38092006519
HEK,862685.0541561913
NKG,25873374.653883684
YMM,93240.89737539807
MOI,161.44205106475098
MSA,3436.749661146349
KNU,13148781.122173427
DTM,2008905.5921954475
KEP,12732336.980724093
NAT,2910183.5193539863
IRG,1979.381588655448
ISU,4181683.402125997
MAA,26709970.904220074
BHE,79873.86268068233
TGO,6639319.153685501
WSN,365.2134601453217
YIC,4584674.302524755
RAS,2984134.337763558
GYS,3724981.7485983013
YFC,191954.11151986604
OAL,361210.48167116975
TLM,808758.3439599087
CKG,31106403.99102909
KHN,15739227.661494356
PHF,238026.97353266805
FRA,13083168.879119445
MZV,133033.83655899594
BFS,830630.5853770914
SON,46961.81291465602
PCL,558423.9223191179
YFS,1639.193121581655
AXM,1156251.2999759992
AAT,498808.05444209726
CUC,997031.5254720536
LEX,1127679.4595924166
SMS,471131.1080253975
PUU,783018.2658374246
BIO,1937302.4193806783
YHP,5245.851483031927
REL,235121.92766905823
YYT,246370.10269588578
IRC,6633.679867186445
SKX,1030943.2233277928
CMI,264591.0936221573
KWL,15682718.510267653
PNS,556909.2753545707
ORH,267257.5604129691
SLM,304651.4052654534
CLE,3835254.7418056536
YKF,273446.7407501433
ULB,10460.8521661934
UBA,931978.2924674852
REC,6339685.802166843
NYO,545000.1600046522
RGA,57166.110326659764
YYG,121593.81085154072
CAL,139652.22015832047
LMN,117406.9374542174
OAJ,165808.4409490758
VDH,1313439.7455155607
RVK,53178.95947093532
WUA,3855989.0927505596
COS,275107.5691304957
MOB,456287.95404449134
KIR,110596.01233180294
EWB,234217.06046034023
TTU,490183.9587006745
RDC,157122.0463301016
WUZ,2756589.733692368
HMB,5486614.4631899465
AGU,2763858.353285087
JKL,296598.7728813692
DIE,677197.6657694154
TFI,85864.37722002466
BND,1558061.3870866466
VIX,2089394.6335905385
DLH,220910.0571754426
TAH,5706.907249476604
HUX,667159.6730804462
PSO,812477.9559461019
NUX,89138.21999612305
ZCO,643269.2383078166
UUD,398402.1991569863
ULG,205814.71202432434
SLL,275525.9353170414
HDN,94480.59512396644
BRL,214543.3862451607
CUR,1342934.7493630135
KET,697009.1523218781
PDV,356974.0954918315
GRI,267998.2539141649
NNT,841083.7857801822
MYQ,4350623.921906828
AUS,3339616.555036272
ZBF,89843.62463169172
TGJ,23199.772926711452
TTE,743397.5181325272
KWJ,825646.7407811905
ECN,1222559.054984354
MPL,877738.5047561737
PRN,1643821.7751105737
KSJ,40217.19173849
YZT,6440.408107566129
LRR,552957.2213674728
NGS,1673523.4898304415
OIT,1079561.3283320048
HRL,442517.03210135025
ABY,182452.0272743985
BIA,501051.9337969818
BPT,160060.7597554273
TRC,1669671.09284115
RET,13604.37915136661
TLA,378.4507452091357
NCE,2613329.7800768684
IBE,1203176.3174686327
RRS,41106.949789590784
MKY,63933.5018909091
RYK,6798166.620059921
NLK,2062.40457
AKF,21864.0167
LBF,58738.08014773643
JHG,2504186.1846939875
BLJ,1603988.9777785875
FRD,370943.5465403432
DWD,744339.987091186
JAI,21502093.24663527
ORD,10395301.524688594
KOJ,861976.4067868436
GFN,67311.33923708835
RAJ,5242516.620250517
XFW,247719.94080136664
ABE,707840.7991105198
CXH,431134.13872771524
AUG,100491.0993447076
FVM,12112.712104004793
POP,2977705.1659399765
PLO,22446.92696006686
WLS,4967.785554156656
BDQ,9845243.280116422
AYQ,3648.2055813527977
KNQ,19564.109779730497
MFU,2128882.2023960403
LXR,3156699.9360288256
NDU,326087.37187949684
CFE,467076.47609902354
DLU,2118102.629580297
MRE,4644638.578328058
RST,281407.17082667194
URS,1901081.6413912282
LET,146566.22428264425
MRD,591694.7931632466
MIA,2694038.4824689813
PPT,167355.42355960904
VXE,120117.27642342616
MLG,2819808.213867415
KTS,584.6982553499884
YYR,4007.0227681064093
BXR,762373.6318004976
BZR,540569.7822851315
DPL,1945269.5354698456
DZN,174274.48517560374
MWZ,8107274.875077167
FLR,1207757.5557963187
ORV,580.4888232957791
POI,238183.59613494828
CCC,980903.594502431
ROP,21759.77294682847
FUG,9174243.968907708
YYB,84842.37172831754
NBE,2015445.1838834344
MDG,2994813.2822921094
MWA,231019.8658551921
MUC,7884875.989647451
BSG,586097.6781745947
LFT,296662.8279860049
WLG,423153.4086350484
TAG,926029.0882763804
GTR,200116.20960480554
MEG,1658900.093195829
ABV,29310002.08900452
BXU,1250859.626184668
PHC,6707511.385682395
KLR,95677.71171290542
MRV,2858206.481981818
TOL,433998.9353865791
YZV,84603.78402549871
TRE,82010.19741503101
SKD,2916578.625003477
OSD,76447.97561156242
PGK,1914981.355319849
ILO,2559842.59535784
RCM,1421.7450693494986
BKG,339084.9388403119
KPN,770.6194952167427
SNE,68160.76090751911
THN,116278.20373832928
CMU,256144.4028280833
UUS,280332.27100925834
SOG,149134.490663464
SJE,126823.87254851515
DIJ,199706.81138874247
DLA,9504281.859116556
JUH,3110390.0851399163
HHH,135563.80154306992
TKS,673388.9397576712
SDV,2131348.5963091417
BWK,143814.84741081606
IGM,212145.16461986885
NVA,601967.9871551427
CTG,3670592.144843317
ERM,962743.3389441505
KUF,2806212.6438786583
CJM,209204.95148940515
ZAT,2275265.329673456
PUE,659510.4064590022
BEY,11877565.000716435
KVK,74657.55653844804
SFG,19442.670889311736
UCT,152764.237230835
CMP,309544.2729779723
ALO,148730.26084122233
LAZ,621232.7280027278
KMJ,1072143.100494135
AES,109537.72812280038
MCO,4939441.407874349
EVN,4914664.968699928
NYK,2364372.534725157
VRC,677782.0210423387
IAR,1133391.8471756587
VDM,102624.90860840133
PIA,729792.0975492578
LST,207351.61227213856
YGV,8747.164973100393
PNI,37832.63155000001
BNB,1741900.6334349532
CNX,4744512.822013391
KOI,131082.63218643068
REU,773221.2714975836
ENU,10378932.12708194
CGD,7331912.13741683
AET,248.68084165633223
ZLT,11510.929031626658
PAP,7285014.645161066
DUB,4327970.817869042
TTN,951220.4952151552
BEN,1099036.767227507
AAN,153044.60875939135
SGF,605679.786879274
OZH,1515301.6646596862
VIE,10462316.745321084
BRO,235450.7559325121
GJT,139136.07140582672
CRK,5332772.9306501
XMS,387025.59409771935
FAY,304507.1202114449
CZM,310511.63980873703
MYW,2285306.0260264776
YUD,604.7671370840196
GBB,744944.6312980872
XRY,1006266.8632680136
VKT,59473.31928667535
CBT,3070912.8646439863
IGD,605439.6473542645
SAV,499994.7537725147
SIN,8258754.419135158
USN,816175.1747233701
GZO,64650.536096670876
LYG,10252941.536453193
NUS,22721.212264871938
SBN,654893.4778384543
CYO,456768.3815046292
IRJ,300386.75627394114
PIS,505360.97745063296
ILY,96400.40569826572
PZU,2263965.4105630927
RDM,225624.0433097313
MUN,769282.653701397
SYR,594084.5280221086
FPO,219916.76173657348
CRL,5016314.800925821
KKJ,477424.87585740647
MOT,113130.6328313516
GGG,173820.31109024724
KCZ,940456.9359770024
HFA,2385372.0093931146
OTZ,3158.487221610755
SXF,4750147.226292509
RHO,1073123.123975505
YQZ,35007.5327517167
PPB,1021234.684198864
WMX,860041.2241436719
SZX,17687767.019870218
ZUM,2845.06670205258
SOU,1100943.166038388
ASO,6177576.850368765
YIO,846.6786040689548
YKQ,3337.205255881397
RSD,10656.447667988105
FLS,44647.392530838086
GLT,128542.23061218971
SLU,139676.89809546215
KUV,1107609.823291608
LIN,1815335.4609044339
HKG,28387108.77526924
LBS,45870.475232957644
GDN,4016796.2018154035
MUB,219595.42464164
IAD,5488432.596091028
BBI,23945547.813236285
MAF,456313.748539806
JIJ,4060730.507825417
DZA,425628.97594877327
YGP,29380.159857596573
MOC,1518290.376665656
CIH,12719211.756647712
SXB,1233020.9891880814
IZA,1197797.0791839352
ESM,828427.539927462
GAN,23713.290349871742
DEE,45363.37938418125
YIF,9795.317115411071
ASE,142304.9235489679
BGA,917180.0957020628
KHS,181818.4297967295
YSM,2910.66238079792
MIM,42566.2909221228
KEW,1195.2564157510092
MTT,1215496.2522971623
PQC,1993822.8065420303
VOZ,2945830.5292937974
DLM,854740.627520843
UYN,2509547.198090823
WMO,405.592689427874
CNF,6549762.438335363
KIS,2707922.6350692324
KSO,222825.27098846235
XNN,6174223.17206476
JSU,4902.509112325775
LOK,2063001.6386680386
AVV,202532.89926574987
DEF,1265719.8700322416
VEL,102790.51052889944
BOY,8726244.57283921
IRP,2136747.507860679
KND,2367539.69111149
BFN,2251139.3153636144
STV,7257890.959923343
IKS,6546.9818758269
POZ,1964660.354259974
SUR,70.43042353563344
KHY,1073096.9082114184
QSF,1859752.2219288992
SKZ,10603177.54682146
NKC,2254662.79874788
GRV,960734.7343974577
SBW,716087.4896616605
SGU,99272.38779211818
MMY,36355.571867228384
TMU,273682.1712438239
GWL,9124869.72657516
PQQ,98110.2224529143
MWX,805064.5699943594
JDO,3857948.9655186087
RRG,44689.6892
MNS,2024941.1247028853
MRY,492060.8225441162
JGA,3124293.426858038
CXJ,951312.219684939
BMI,637802.6737672965
TGD,887335.5691949899
HIN,879188.0429454852
PRG,6682584.462298878
RYG,704628.2021925782
PRH,955481.3136204096
RDN,385905.1808762344
AHE,1510.0370131495902
RKD,90546.84744261832
ZKE,1673.608190708768
YZY,1072354.354592043
MAH,70686.905712487
HYA,208637.15840927945
MYD,1113197.931568387
AOG,2192722.0225999667
DJB,3262730.3724819487
ODN,132602.9013029093
IBA,5544081.8445504345
POM,752891.1547767534
MVP,158565.8433149969
TRS,587732.1864436888
LIL,1773506.4510905968
PPN,606862.9132576184
NDG,4238534.294334179
LNE,13961.482812235774
NYA,158608.7822148962
MFR,292652.3499355468
HRE,9415498.90273209
DAL,1112088.0238407159
PZO,1395221.1575722108
CMW,1005666.1770102944
LNK,350445.7227137946
SLK,197409.59747129388
TEN,3039644.9443534417
BNC,7211035.555770145
YGL,1349.3995669605404
KPV,119.24465597679509
BTC,1228666.8534069543
YSB,154939.67100928578
BDA,66846.19
RTW,1870638.8363256832
KTG,653964.8947490819
IXE,8905164.034458179
NOZ,672188.9878086323
AKX,583321.3937944187
ROI,1302872.8658534621
BLZ,5736995.794140722
KCO,524312.3005302721
YNO,2004.6339572384416
SFN,1147536.6035499123
OOL,471587.0539429858
NAN,405264.68954210216
YPR,7035.211047010673
DAU,32637.253411717924
TUG,2135444.891364993
LPB,3761804.679295979
ELH,18922.314916345123
HUU,763225.9291788883
MKQ,268634.8656031687
YOP,15819.503580576347
YZR,210990.0115362723
ULZ,47325.942034745276
RUA,4480727.13893249
BWT,105030.89209198444
PKR,5232739.588917851
JMU,5008934.982530982
ALH,35926.16186163312
SBP,283810.9664610934
YGT,1357.9921173820292
IXR,33504381.769864984
LED,7229140.76541402
EVE,34696.72662481683
SVO,8514717.189698443
MII,1135796.9053553285
MLO,92494.87744459989
JOS,4976681.8645686265
VER,2585332.4573313184
LGG,626258.1305220983
SAP,3890983.4369427883
CCJ,16162249.150126858
CYZ,2522819.0666045668
TKK,36245.880628000006
REP,7973037.658906285
STT,533619.5382800825
IVC,59293.882135503576
ZSE,126203.20573727095
TMP,377848.2994390449
RAE,368051.30079286045
CFR,443694.09128297464
SVB,579480.4581196755
VCS,694122.1924011111
KDH,3207061.632303754
FLN,1435332.2340058126
SIT,4489.213584756786
EQS,103845.82634642601
ANX,23147.330276171735
TWF,207138.5660788958
UAS,1806082.231633424
BLQ,2928529.951760764
BAL,1594952.3368364768
DAY,1151595.296138416
SKT,13427700.149382493
LYS,4539598.275953008
BNA,3194821.320540307
PVK,280662.29215858673
YBL,77854.55568069013
SDP,271.1404025189209
CMX,41521.4053330115
KNH,2291454.847142887
VDA,178530.05077394
TBW,1279894.398250965
LKN,20764.7743194532
POJ,812468.4594850802
LGB,1043146.1420495787
GND,426069.6356454304
SRQ,290126.2260572468
NSI,4294687.2139089
CUE,860000.7219741961
IXZ,386311.91618000006
FAR,263125.83399997733
BTK,560615.8894810461
SWF,457583.42121338326
MMU,269596.3660757702
TLN,147703.5170712641
ATM,187843.49594177218
CDJ,262201.9006411853
TEQ,314220.65225128125
LJA,616630.5148227231
RDZ,388257.8614336982
LIR,2007014.5197557325
BTV,683749.3041182222
GSE,675294.347101674
LRD,1402395.5080190287
ROT,89526.4658447178
SDN,47683.406466102606
RUT,204895.28993373638
TZX,1050584.3337601908
UKA,1238532.0425297043
KVC,350.22804790361624
BMA,506689.82597504
YAA,19710.623781699953
ACK,370629.66834684275
MCG,121.7467856140452
HSN,1621232.4754859144
YXL,38986.60731569808
YYJ,303384.6692842969
ONG,1602.7870005459547
MCZ,4190410.176514437
PTU,126.88000470867435
ZAD,927772.4129904814
ULV,942179.5976136436
MBT,1110459.6965273651
TTQ,156675.22691472585
HYN,1769506.4841243816
YXE,607608.5313951498
OAX,1862248.7988597397
DHN,182873.1504399861
SCQ,2140859.9620234505
AMQ,1571772.4636799998
AVL,731206.2599942681
BFJ,3756215.6577812717
NGO,10556632.530931363
UNK,891.3305028209004
BHJ,3663185.7958764737
AKJ,395507.74867233646
LMP,127421.16612371586
SMI,435770.791337951
AKK,15.659998086995465
TIM,1661939.0346995092
HNA,862343.9972172149
TJA,771838.5363497586
SAF,159889.56681634113
LLU,942.2268845674266
OGX,559099.2070057815
LNB,10010.519736495056
ATY,229346.3415295905
CWL,962907.4361348746
PJG,444167.83658119966
SKN,22942.998864267363
ITB,105243.38689267632
VDB,67549.14500720339
VIG,1040350.571054952
YNB,394506.31588684034
MHQ,126842.29457863358
NUE,1799811.0817816425
LHW,13972946.721760094
MLM,3209683.174351061
BEW,2360700.7682961486
OBU,288.98240046891317
RSW,1114247.4701522652
LCK,263177.5881097223
CBR,239441.85547548317
SJK,939949.4613677786
EYK,209963.84909209725
GLV,621.1426185006791
MXZ,4190016.096578088
HUY,395579.41721164924
MUR,216184.87503844168
BTI,870.6097078421291
TOB,283478.35627028946
VTZ,17906888.566961665
PMR,134803.02437380794
ANM,475230.8530188632
UTP,772484.3251190569
LBV,1638701.116582071
XSC,396054.50877739897
GNM,937122.3897068778
GDE,2546338.573696454
REN,1401885.235864406
BJM,4663720.094977998
STG,295.657132
DND,89212.17218237101
EGE,104664.61828870367
IEV,3259557.059135359
HFE,17059985.250767324
MOV,46053.88360186541
KMG,27111394.58070885
ABA,689253.2069834862
ZYL,8304234.363716102
ANR,201040.9260561661
TRK,542817.7387291306
LLB,1231901.7894654206
HKK,38159.71280558896
MVY,266537.6451380718
YPL,392.2335824835624
KVD,1654633.6141826173
ANF,363925.88040326757
YQF,263672.182461216
LSE,232517.3448015464
GES,1699438.5277581846
YWK,8045.952146719847
ORU,426839.4459080716
YPX,1403.2583825359702
MQX,2144759.1081726504
ZAG,1625633.0660952504
SXR,8209683.561198289
YBP,4193242.788687223
OGG,362322.04388241307
BIK,223917.1205320296
BTH,1875099.8539610812
PIB,286515.52158589853
BGR,204095.1335593736
PSC,237475.24296590395
JRO,3807105.1275600456
LDU,190801.20977748602
DEN,4697158.908706427
TRZ,6328437.600771771
VLC,2081588.4325231768
OGS,190172.36149103183
MDU,254515.9419542384
JUZ,2004677.278112077
ACC,13678900.278565545
EDO,261481.02274963245
ASR,1596626.677118911
RUH,8465923.663967896
FUT,5527.228692196383
PDP,212133.5389474968
KRY,855768.981511298
MQF,573440.5272088901
YWB,920.0552327935884
IAG,453701.073993344
NHV,2422.920090113577
THR,13580505.097006684
TUO,73804.52214678706
YCS,486.0088611345118
FKL,266579.17122702306
AUY,1534.2004102433357
KMQ,2587511.7887512674
LUH,4609621.831571402
YCB,1982.5586636
SSG,4830036.017236175
FRU,2290158.989141519
TLH,412088.33898412157
ESU,435101.0971343524
GSP,1252568.648100705
YEV,4296.679453487884
SDU,4711635.603122339
HVB,90374.12975513985
MJN,2068745.9951000584
LAR,80991.14895291282
CGQ,12123625.580580125
KRT,15529054.850000005
NUL,156.17016462311156
ABT,631299.3396887693
CWA,199467.545390078
YNS,8392.41589432292
SDY,36147.47935099556
NRN,2190886.066149538
JNU,20070.74577438867
VUS,311860.19933868013
KFP,642.3816257124682
BRS,3204335.052155592
FUJ,389776.5281868209
PEZ,1117666.1552388335
ILD,192914.7991576046
ARM,61686.81464560241
GPT,427341.09827470046
LAE,639381.5900049196
YNZ,5464811.955153205
CDV,1047.4915913629789
CJJ,1956617.745952112
MTE,157458.46034089403
SCU,1456383.7915805343
HOG,1195939.8876193045
MOZ,17711.519916918216
EOH,4142929.784233978
CHX,226799.79553020626
CGM,1115053.5232796657
GRP,279365.76010041
GPI,572675.2387916412
AOI,499108.64840064524
SDR,1063204.5714101077
SNV,353722.75886971474
TIP,3023175.541046085
YKA,134165.4789487696
BQK,131527.88631806636
ASV,865028.0439249739
HMI,683970.4242524416
SUV,311954.70450191305
YQM,240782.12999081335
HOD,2327521.6113443486
TMI,8707414.528553138
AJA,256652.0895775677
KDM,25661.56473081877
EUG,467938.1422400626
GZT,3607948.902903505
PNP,190706.56715813366
KSA,5703.883000000001
EGS,16640.522585986477
SVJ,21332.43157151522
ERN,138404.03937575652
FTU,2173644.1852250397
IXL,645382.52294244
BSC,500396.65446684393
HLH,2896266.2387572005
GMB,5554763.362625839
CIY,363719.6507745457
RVV,787.6697149893062
AZI,280763.3121590489
EOI,25074.7919996608
BPN,3900378.493654085
AXR,859.7826178000887
ZQN,129424.19214048068
BAX,768649.636621255
AJR,51859.89150608409
BAZ,20807.18582089828
MUK,161.44205106475098
BZV,3957157.9453988913
AWD,2645.227665345833
CLQ,660341.2398278815
THS,880291.3111065923
XMN,22960087.09898633
OSI,622997.0474254766
MPM,5342733.251370471
TIH,1117.3344153125847
FRS,1012794.7371127392
JIC,1526992.237564101
ASU,4085990.3850229424
SRG,15317838.326013666
YZS,946.315
DAC,74012411.03682363
BVC,73171.09523970721
PEG,309783.05153803306
IXB,21132911.129871827
BSB,6708497.204039998
KHV,1478850.9548352915
SKP,2042063.619958484
CUM,286078.5432713399
VCL,1012130.8388682959
ENH,1603435.5247118887
LFW,7923146.51899375
HDF,383255.1099312395
JKH,444366.05042443576
LAI,185232.58138283246
ABB,7931246.61698959
KHG,5001532.898254473
GCN,96541.60831119624
PIK,755289.6792258137
YUL,5225207.658486252
CAP,2011277.644183721
RES,1382797.1667405618
NVK,12582.793094127624
PWM,602946.8250550183
UTT,1247140.436932093
CEE,1927984.0244938862
VVI,1788608.6453547534
MAU,5452.87421043791
BWI,3322107.209205965
PGF,393527.0426775028
CSG,206528.7555654138
CSK,756484.6928168616
OER,63215.935262228304
KTE,192766.7033443241
YPM,5422.2200029587575
JOE,256935.2636892251
PMV,1881354.178229512
KLV,426352.0937025053
IMF,4824843.368213354
CVG,3238545.6881078905
WJR,4411560.239334656
ELL,1001449.6378110744
YOL,4824335.328348109
LAP,347107.7487645672
YPC,353.29230250450274
DRW,139247.58905352332
ZAL,553282.5528008778
AKU,1807508.229441984
OUA,17671428.308215912
CCK,553.4532
SAW,8075084.025910998
GBE,3146323.3775926577
IZO,437188.2157073332
KLX,255872.6266278289
RAO,3012551.9024588605
BLA,918732.9167581856
VLN,1589578.1714944958
EBU,377241.2210786646
UIH,1289024.0019471084
CEN,709977.2251753509
LRT,249137.76057101387
SRX,218960.47937213822
SLY,144479.79166574604
NOS,886946.418532333
FKQ,236613.67037943858
PMI,1488447.7268108109
PBD,3473695.2477819063
LUV,172880.04224585538
YQU,71137.59170441469
LPI,116416.62907369614
TYR,269691.0186627955
DGO,1490034.4207882248
GLO,257363.03090611086
VAK,866.7414006018579
AUX,466160.8996153954
UIP,159770.55987280054
BME,15949.265837620107
DNR,321207.3358127817
TAE,1225972.677458278
QBC,5095.817452427635
TBU,91769.053552
LCY,1698544.501641092
PYJ,36235.226764100036
WDH,357987.3146559309
KDO,19936.625288450494
XCR,200845.00786060386
CJC,367327.95835677115
RTM,1402276.7327970213
RCH,1150909.7802593743
RTA,1341.06709
PRC,125593.4539136522
CCS,8736449.343206117
TUF,569457.8818641774
OLB,413875.9973349889
IXJ,9011543.95362132
MSZ,641631.8115682615
ABQ,814542.7129386018
VOG,2394983.4793591253
HSG,480460.5204944458
CFK,718856.9303589436
AMH,9366057.77090371
GST,4535.360998390333
XAP,1057663.9077198084
SFA,420844.3377560271
NCL,2070224.6644281445
JTC,1310983.7393886282
CDB,1497.4692786134976
LEI,1546931.4935229241
TAO,17881140.33677756
MDK,2967073.524166597
YIW,4758995.06272646
LAU,997535.1864524734
MEC,727846.5283935856
TLV,12767358.407845013
KBL,13198406.091734935
CCP,2883903.880656277
BRM,1101883.3100019388
HTN,2413391.4220298883
ONJ,393994.7019199944
HFS,184588.03669607
LEB,248721.89691000566
FLL,2023700.2330344776
BOB,24820.50381721345
DUR,6911312.124650454
SSA,7917841.261647548
MDE,4548290.446681152
TRO,252991.6584670275
CLL,308658.9349216447
PTG,1528529.8921079403
FMI,4671746.167408865
UTN,496490.37485
LXS,453916.7756017725
BJB,1094617.9649168765
ROS,2620393.922785867
SWA,10641017.897860952
RIX,3060686.3749063355
RDU,2283855.0799175054
XFN,9465384.313142873
CSX,40173663.049640425
PKB,163747.9388930173
SYX,3824333.723425754
HSL,274.78759269758757
PIN,190458.36803924874
DFW,9299733.034538116
TAK,1316828.0239467842
MRS,2944479.819175129
BQL,334.83921137196165
TKU,258711.35284876337
ILG,488969.64718291647
YCG,133286.65594605973
SBH,56300.07498840447
URE,113862.61822553015
YVO,121875.06820625109
SYY,33506.02969864963
KGF,390385.6739540909
CXI,6662.1057
YYF,104269.24000133373
SVL,281115.8773704045
POR,212571.1569770556
PMW,308869.4824765316
WXN,4313086.337264366
MTV,8160.775059201045
TMT,129767.55149053557
CDC,21575.04611500456
LZH,6890204.654632078
HKD,820917.9778883598
TMS,224556.22801290802
ZIG,909672.6513521102
CAC,956522.9132773548
TCG,738420.0785286773
PEN,4652268.22983073
KTT,40040.54744175603
SJI,624536.8805147726
YLE,1493.7398022468485
BVB,352031.5028117296
YAX,113.500432137014
HTY,5138236.905169747
LOD,7155.200354396336
AUH,2316480.499322688
CAE,563137.2223578189
BUS,661386.1832621795
ARI,360155.7892081668
FSP,16245.739014738001
MTM,6621.056460932608
SXI,110305.24949737401
BNK,109183.44652851789
INZ,81850.04991853013
KAT,57428.32782302498
NBX,1224474.3965574559
YNC,1944.6061123365728
SHJ,1769686.2766045404
MME,218109.38636361767
NGB,11188645.47000006
SZG,1150276.9686543802
GUR,124079.70299222412
TAS,11559850.02731126
VIJ,82454.3896347687
PNR,2183383.227041217
BTJ,3522772.15481
AHU,696278.2324146585
MZR,2604795.7618561573
PKC,238085.79857199997
OVD,742926.8580429794
YOG,5324.461381785634
MOU,573.8865635812689
KGI,36982.39657690444
FKB,895262.7241503234
VGA,5930425.35865097
CRW,445008.6792379046
SGY,15462.466844014849
AEY,40733.46396574583
HRB,25869682.05199965
AMA,331322.2663481353
LKL,12822.497281471784
LRE,5124.0668691946885
SOC,7810336.581217599
VIS,173743.6123774407
MGB,101083.45843664712
KRK,6796576.7831519535
IMP,1148788.9130216031
PEI,2126895.207432894
MJD,6932387.785615212
SKU,241504.24298242698
EMK,1406.8659914062023
KDI,1639684.0253310937
GTO,1697724.1598762388
NAJ,709013.2011789309
KUA,560197.83398683
GRB,284683.25958233577
APF,89034.8977940523
CIA,2110290.542644328
ANS,753208.1824997049
LDB,2011514.793064075
PBL,823896.8549608234
NRT,19348788.702530693
HYG,3356.147932095145
KOP,1350671.8388177678
RVT,12084.951341294018
EWN,144950.71226113304
TXL,6993777.1011552885
YSK,862.6468835508772
RUS,25209.68467637537
ATZ,5490762.71601121
PNQ,21032971.518885624
ABR,86507.27449069559
KTA,22558.30410518523
MGA,2072325.8830149325
LIM,14494005.226252764
FWA,812071.9467812643
SLX,375522.41307476565
MAJ,35844.00144
PNL,395831.310028802
YBX,8698.555019789312
ILM,186561.57517861653
JBQ,539727.4485740925
YTQ,610.3291154032778
HPH,2403296.9415975157
SLA,1457644.432729822
MED,2404410.6696669543
BMU,642097.8279725866
BUN,553335.1704019892
LBC,417631.6936452384
KWK,631.4446175533842
YUT,1072.2636914999998
XKH,693951.7188312777
MIR,945394.7683516549
HRG,3719803.232524656
GOV,3253.010152041217
KYA,778410.9313914793
GHB,16708.155062464404
SCK,233785.70161016128
YXY,12673.487253104038
ISA,16990.535859333446
MEU,591095.9770835367
BLI,336756.0896527659
PSE,104168.56487096734
PHS,1400314.952697714
KSM,1333.8847171943048
HOI,1938.7481815572753
EKS,117590.63369778846
XIY,37901396.26450487
YUM,156230.54093946118
TBZ,3492904.6000648295
CGN,5098720.526795006
MEB,210872.12172442387
EIS,124282.35961072867
TSN,20136913.875289727
GOP,12065115.658938255
GSO,943608.4818742193
DOB,108476.48359733174
JNB,21532611.637855053
MCI,2555848.5285844114
HGU,1504056.4950146368
BAV,3274702.0937150456
PPK,479137.6158280068
IXG,6854052.516672688
BEG,4943007.878491447
EMA,3179507.8349122894
MXH,472481.6971830274
YKL,4120.518554140583
HJJ,2210655.6066466584
COD,51257.28433243448
AIT,2195.3865473662477
SLW,1002157.0109911243
SYQ,136403.15429069032
GRW,14089.472183635144
STN,6224873.808765771
LGK,1299733.8824104015
LSY,85075.14253644676
CUF,387006.3140374657
FTE,113835.89432991846
YQK,164683.39974902812
NER,118223.30939999998
MSP,5226297.966572148
RAR,10419.5183588459
SVA,852.0499023334198
GAO,857402.3810666177
PTY,2512893.613359131
YHU,674842.9141407118
YWG,900568.2552492893
JAV,5021.923787180515
PKY,1679908.9555948083
EGM,47213.39490686789
IQT,731529.947652311
LVI,580178.1795982126
APN,129013.55402933105
YLH,377.4677587471396
GTE,4589.193183490957
TFS,774738.7280841756
KRF,81680.86954927053
YOJ,15012.512698977594
YKG,911.960418938026
BVA,2228711.1557010016
OZZ,520253.49597631727
YMN,2117.0578759182363
LPD,46266.34541531323
KNG,214492.12603782464
CBS,946511.9852826907
SJJ,1238177.2061576915
KEM,109916.34111087448
SPN,55673.29060844759
LOH,1292467.8689760696
CTU,42983218.1476086
BBA,145717.98599116525
CIC,221683.7052176037
VBY,130026.56486905667
BIM,61192.75086371964
DKR,10797814.401984377
KCH,3885735.3797138664
SJO,2679352.855384726
TGG,573392.8362499382
YMT,70141.76726092107
YHR,16989.6282362501
NAV,1010591.494900314
OKJ,1688911.2397799687
KIT,97513.5963350777
ANU,207280.68030342253
DSA,565213.7052684186
AER,1571571.145610453
KWT,452.99641821438377
AKP,156.1467920045574
ZEM,1977.7754816886998
MKW,519341.3911173471
MZT,1438643.9421681429
VLV,595279.8556229629
MJU,1434460.1507174931
GYN,2666467.885402528
SJW,22730285.860739075
BBO,878857.4189765156
WLK,320.83515139771623
LTN,3712296.911362089
BSA,830922.4458301553
NOV,2323566.256698016
WNZ,6662764.657532837
LAO,2148908.4457361074
BCD,1698475.5372183847
YYD,18055.47822526141
ACZ,543276.1000340688
MLA,835119.0446946226
NDJ,10358877.02366399
MDC,2688761.443755996
FSM,269600.7991682539
EGC,601612.830039261
DIU,3055184.3812405323
OUD,1179297.5396375756
HAA,10146.611848011664
FDF,221132.24599739187
SRY,1766359.6830444015
OIM,695171.776745313
GMP,5836877.496222792
AGX,57081.46992
ZQW,352341.3614452021
KOT,1029.9324645150405
HIR,297494.1557295537
RTB,1017239.3006743364
BQB,93892.86909523733
MYU,494.2615448700523
MDW,3886936.109899832
KDV,48062.10774639539
LBU,206556.0350071967
GLK,1371749.730560905
DAR,7863255.053346279
BRW,3764.1601758106376
LNS,212875.35418308954
WNA,436.3047674592173
CGK,70493413.38607834
LGA,3373160.325309188
CMH,1871249.4874056752
STW,814531.9811118569
CFB,1125268.1058232444
YNT,5549724.715965419
BTM,61147.48410140356
UKX,100539.4888167443
YOW,1703298.5592140506
PIR,98038.9059386099
SCL,11826860.333292145
RHD,582160.5638163482
ERI,385566.5148677744
PLN,74483.51892357548
LSC,918902.707874052
MQJ,12411.919570000005
MYY,525883.1669697864
JAN,686653.5731426785
DEA,7390693.296068408
ODS,2512313.1561504914
ERC,903422.4827652159
MSO,174615.70829242835
PLX,634011.070555912
IDR,30085566.494638626
JNX,161763.1999685054
SKG,2596919.1198169896
GDQ,6873664.438383837
AKV,945.6378535743044
OVB,3989533.942193242
EAT,117060.31502509232
CRD,368843.09471541655
USH,82463.3244590611
CAJ,181466.89805195312
HIB,75987.57199847721
OAG,154124.55631947966
VAI,367264.0910027779
LLI,7381287.889716168
MQL,84641.88476273313
MQT,112261.6631906472
THE,3587875.961611455
KLU,308604.3106671528
NGE,2466479.7963675074
SCO,564792.6444279727
KGE,16400.554783410902
VVO,2351959.2780781807
MHH,24077.97025845777
ZTB,9889.840317806147
SVX,5229009.665641131
KWN,1018.9773434071964
TDX,666866.4360606873
GZP,588491.2507256321
SML,887.6847238697432
BKW,142336.9480309084
ZKG,3483.693316060593
CVM,472124.3747868454
YAP,8622.140215500001
BPS,984457.0292239926
YZF,19962.201939592866
JSY,164652.95992358556
MRZ,47870.362417260476
TXN,6188795.251940829
MSY,2278365.399344524
ISG,59906.67048106335
GXF,541229.2998837285
ESC,92532.95489550733
DRO,188960.48844529208
OMS,1903063.7126869732
MKP,1325.4364971144078
RCB,944935.0602594613
JQE,80323.88323205555
RVD,706201.234700792
BSS,437504.7665642918
KTL,5672552.402942748
PSG,6862.504913268864
HOT,303794.48083813704
CKY,4802507.835157664
KWM,834.6533218308173
NBO,13027862.098205484
SNW,2049073.3311557262
CEI,795431.0179856664
VAW,60093.59442985541
PIT,1488705.3313133202
PQI,85963.69901666883
ADU,1243621.1773374672
KUL,16209348.853217175
OMO,184975.83174777147
AVA,2085260.5176105576
TMC,713817.5235691159
MSU,1562459.5759188503
DBV,2572636.750903183
MYR,811676.5478150592
MLE,333561.6614925511
PVH,929961.723391742
MJF,26605.768590523363
BUX,6427119.177614686
JNN,942.2268845674266
JPR,389179.4264899769
AZD,1472657.2693012631
UYU,184018.20988257512
AAR,440245.8652836305
ABL,538.7152743228319
ACA,1083674.2893545676
PAD,658293.6427594094
GWD,425713.31452622905
NQY,207325.89243991347
ILP,13096.154895566431
KTM,76085919.40942429
ADK,120.87485734940252
HAU,102133.69498176637
PLM,7633338.607600876
TYF,137370.4141336479
DED,6920258.91136162
HTI,43275.512859974704
RMA,20742.660710047705
LWO,5117162.628728041
STI,2753587.6871825503
CKH,6734.101045800003
MBA,2313424.6417156
HIJ,1498318.8841059885
YTY,6620539.9974982785
YGK,175079.47781975608
GMZ,41475.99271405943
PFO,337881.2037695618
AKN,1178.19660338576
ZHY,3265922.9676208426
IVL,42285.69749224697
UIN,174494.19532017753
MWF,4412.460838785213
GEV,70605.68419008168
LYC,110900.72810078801
OPS,615909.7072697093
TJU,1204395.9619271485
ZSA,1294.1777556624138
GPB,652247.8876337165
TVU,31214.852178069897
ROC,1097463.6151028536
EGX,436.37954490792976
YYH,1812.3264199999999
CBH,437259.87154783023
PJM,215544.742197045
UMD,1627.921059544016
HSV,837503.9818365155
PKE,94550.01576962325
ZGU,9631.160334754022
HDM,1091736.2912687669
YDQ,65258.81548587044
FON,184259.73156153352
RSA,587910.7310419542
XIC,2050703.1391036937
CEB,11908847.981132148
ASP,30293.533068917197
PXO,31396.742581032035
GYA,186653.71741123972
OSL,2075649.100311071
AMM,8572607.61197273
BRD,263141.46998250426
LKH,158673.76335543225
GIL,1537615.7014294546
GCI,917240.5648881549
ADF,1729676.3591202789
RHI,178034.45745899618
YDF,48291.39295443838
PNA,219023.16464415414
KOO,4970215.27401649
SHB,84910.46249936093
IFJ,42134.017518488
HOV,61381.00981659564
WIL,7532310.860585879
KOK,191754.37834466965
VGZ,370718.0553077233
EGO,3579938.726369175
MYT,2899445.246134161
GKK,28699.95213939899
BUR,1131842.4416198065
FMA,1699112.6300643787
UAH,1952.2513208678006
YZG,1245.315565337708
LUG,278743.3620402741
MNA,126624.08979586537
YHI,401.35400000000004
OND,687105.6081219558
YQG,307873.80173539923
DCY,480989.75835405453
RGS,418628.0239580239
TGC,297805.734206077
TQL,50340.07171339086
MMJ,1345688.4203300998
RGN,18005343.689693093
RPR,30542463.47124693
PIU,1114927.412690681
MRU,945457.1192990785
UIO,5712352.066102767
SJL,58406.97465766921
YKU,1867.8481530024555
ZBR,809615.5156690195
BSR,2076874.8832561304
GDX,101159.30191812203
LPM,9278.811478574497
CXR,1409500.4189531892
TBP,975254.5369784627
SAH,15082925.256875195
SDQ,3221765.112444557
ZRH,8014319.523055849
TNA,31733430.39801055
ABD,1303982.7395113693
MHG,200505.13524493907
YFH,4278.234131223843
VCP,13897726.115889132
VKO,4805425.428384713
DJE,1819982.6217318524
PKA,528.6256992121351
KGS,907735.1876452456
LTI,46243.721286125314
APO,1228204.5342429806
XCH,2069.492908
ARN,2661080.6088893632
YIK,1879.906842293101
WIC,34875.333464746116
TUR,282853.69519835326
ACI,227435.0986861285
MAZ,103095.3639857021
NJC,203063.87772035788
PPS,1021667.4126933062
BOO,71987.85555585494
HLD,932480.3775873284
NTE,3123225.9150058045
LNJ,1113375.0733974031
LAD,18455788.425189286
PBH,12389258.910513366
TBG,389816.7612654128
EUX,19497.378099533707
LLF,3548603.3529124768
XKS,85.90442819788954
TMJ,1797119.7333467181
BJX,4158213.9597736574
CYB,109053.00039535775
CYF,901.8360697578676
ISE,224599.645923806
KSY,698282.4539544643
SFL,22052.193623929878
KSQ,2568984.9552921043
MKM,178181.0446868439
LCA,5870515.482780224
YXJ,99204.55652795607
HON,152857.92864127213
COK,24332246.33406796
KKH,577.9749160254272
GGW,19313.858951016766
VBV,5929.235367448988
AAE,2117569.0520706093
PDG,4041208.706055854
EVV,422347.1006339915
YBK,2484.2183953623744
LUQ,570830.2706713781
KRS,231417.67085483525
SGN,30440753.83069469
BAQ,2969773.3281457275
TOG,515.3425531314325
TML,6867453.741458343
GUW,500002.4189442504
PDL,85176.80656393345
SXO,160073.6980140927
CCV,16771.557162002846
AQG,3973330.9977933513
CAY,287709.3227733261
POA,4974563.895495678
OBY,161.3310401033667
MDZ,2943906.3468811833
STL,3283186.77457131
MAB,1040890.2175545804
LUD,27763.446561444198
MBJ,1536280.7545192302
MTS,841702.3281768387
RNB,157339.08790735903
ULH,227372.61376307497
OAK,2132075.4683792647
FMO,870899.125955608
IAS,2233171.735689774
BDH,217791.44021027078
IPH,721212.4150509103
DLY,5833.025319465529
UBP,1271717.5752148544
CAB,999577.5899443716
KSN,490425.0983690526
YAB,1864.0786349310447
KAD,7931640.046111585
KSH,2203155.343515492
KSF,312400.70140163763
OSR,783550.1609066318
LEH,241198.97501381216
PBO,6914.041275682403
KOC,10961.97527855218
LCG,783256.270599916
EGN,4544522.388333333
MTY,9134572.82683908
TRD,294808.14241505536
GXH,1624832.3474640783
VDC,1141978.4848016154
CBO,1214602.1965168477
BKO,12705371.674387325
EBH,445427.76366680296
FUE,356207.1930017746
CHA,864972.3091936068
YDP,680.3505199584357
TNO,274249.8360035453
EWR,7545954.72603443
PIH,151336.9856871742
YTE,943.083207435378
CZU,1289545.4967502118
PFB,2253311.8287024014
NAS,182938.87557007704
CPT,6489438.7106578685
VGO,691994.1645864403
KYZ,223332.74838545962
BNY,9109.674834538337
RAI,140417.74939255207
ZMT,3337.9566357490417
YVR,2939958.62421038
YGZ,148.36353088377686
EKO,48687.19480905706
CUN,1582560.3853643471
TRN,1486798.3403611018
PUB,68823.97260789709
BUF,1304491.5277417465
DJJ,1432444.2521100978
BKQ,1924.9009795150666
IXD,17058777.380643614
GOT,1132214.7170279957
FEZ,2424962.450011171
SVC,339841.1198559582
AFL,324812.01255561225
IAH,6105579.996920767
MQP,2013675.9979263716
KER,1487272.6059957147
JER,1485424.1628844943
RJA,5823352.181712784
TRF,624578.4075204233
YSO,1963.578358291125
TUA,489900.0900795333
VUP,1395757.120873302
CUQ,2040.4608016966065
CPH,3915321.516049029
ULN,2026168.8717
URY,351321.09532375605
PAT,40977103.7855768
HDS,2049006.4872984954
LYH,178740.0506162608
KRR,4028762.8278119965
ADE,3637684.7332014814
CTA,2025865.0821023409
HUH,26761.65398619311
MGS,1761.3488793509914
NUI,872.168063270175
UEO,119905.52248194758
OGL,175312.30755566017
ALS,195341.6800972471
KUT,1042219.7538778157
FNC,237307.164418968
SLP,2053656.5876058796
WNN,124.87864660102196
BKI,2200464.0875483872
MCE,234578.3369881824
TUU,365535.7427111423
UNN,310653.9888838332
YNY,943497.50583383
LIF,37356.96257170944
JSI,161983.2895949773
TRG,157227.13288152442
HVG,6567.423441892698
CNM,290385.28980568243
PAF,5293885.485428263
MSL,261574.3632156681
JIQ,3742959.488010287
VFA,783689.1865364597
KSU,88121.9877499449
PXM,629159.2229118274
KKC,1461162.601848083
VTE,5773926.110842547
BAH,3199245.4622573256
DAT,3582231.5013847495
PHX,4543909.240741355
HET,10294392.291256333
BFL,543937.8690197439
FAE,53559.67671000001
KHZ,1058.0967311776783
MAN,8330090.043694504
MBL,131789.61722643458
DIK,60443.92619783428
IPC,6702.378000000001
YGW,2963.906803759708
BVS,640214.1170540454
PKN,1064262.3548819362
MEL,4550695.857644036
VNS,41993116.96131071
LCH,236637.50071395966
JPA,2938584.755810524
KUK,443.0934500422089
SNU,666110.2949194696
ODO,38690.123752194864
CLJ,2719194.3624531426
LWS,223704.24529023774
GFK,277450.77984674217
NAY,14905272.345388984
YUS,884343.4681809574
SFO,6604450.764844437
HUS,116.23908416654284
RAB,286161.85337305075
AEB,2239568.441177853
IBR,1531455.2268328806
WWK,602261.6543841155
OXB,2334571.606570776
RSU,827621.0714529706
WGA,67088.73158771805
KZS,102064.3347978595
RIY,882029.3392662349
STX,160104.25157011574
KKA,582.7700683559763
BXB,157709.37626870186
DHM,3195647.4876831314
ESB,8161005.472224914
LYI,12368476.504022054
ACV,180729.6490013285
JIK,276976.0400486171
VSA,3864337.085973905
LXA,1546401.7546361776
FTA,2589.8253720451858
JLN,252880.14388097968
TFN,253032.8189988336
ICT,1028343.1608073672
BPX,583164.9220009915
PGV,132038.55518177882
SCT,69594.06094
XBE,708.7967038646544
BHQ,52413.89700407238
TSJ,877927.0390534112
GMR,1406.964777
YQQ,132944.015272965
WUX,7746059.729465933
VAO,41367.115177423235
ELQ,1835525.71089098
AJL,5535365.759866776
VXC,3116260.605398127
LSA,47355.08096418368
FRO,60002.19329960983
PUY,707596.387908996
HCR,566.3322608283188
KUU,2434749.235491324
ALB,1876181.1358786973
SVG,349003.241064807
VST,104458.66295843148
DCN,7575.008964979894
OME,2695.339635002715
DMK,15081200.403202025
LUN,5533212.697601475
CRI,39033.763082833924
ISN,67160.89363430713
UEL,2443345.6839304133
BET,5577.34404068813
BRN,792370.9103549417
LCE,1405420.193950025
HBE,14098469.029268242
BJZ,359080.1940405778
ABM,4078.3203189953706
RBA,1763048.6439799294
ATW,405939.576314889
KAA,2150313.4399855523
CNJ,5415.922928530338
RXS,995085.3069589956
YTZ,1219569.994868875
BJI,85918.3157431228
UKS,762256.1498990866
KGL,19399386.697335828
YHY,5906.102218706097
LWB,180562.5728836035
BOI,912990.6359958051
JSH,47293.954053975314
FDH,830597.3500848615
UVE,29147.892669052027
SJZ,18176.246062998114
CEM,6567.797547028814
TCB,9655.575690060838
RIB,149978.4293008594
OSS,2496273.6190636675
CPX,84918.77438273026
CHQ,139117.41812773465
YIN,1432594.606887477
ROV,5210404.893186355
JLR,12982014.044460185
GIU,3774106.6615591994
GIS,30854.013591855863
TUP,563257.5879836614
TRR,1462204.3143003231
VIL,137642.28569655234
JOI,1090913.4413096344
ASF,968131.707088428
BUL,113385.85761953758
CLM,423428.56652288977
BPL,1360637.080746042
TER,70944.70596606974
ESL,369690.9216689215
JDZ,3696820.675338923
OMR,502510.33049406076
HGN,628008.34849109
MBE,180233.44858762232
PTP,177035.14540717946
UAQ,271597.0683577533
BYN,181502.87051877362
RVN,63466.709787924345
EIN,3071766.201965388
DDG,3940135.6532728025
BTU,231866.50951902664
DRS,1491424.562559604
SBZ,1030302.421667838
TEB,242568.26282196603
KVG,136883.66148538492
UYL,5030534.027333333
AGF,314929.8804496409
MKL,331760.8332848673
WBQ,5289.996206884061
BDJ,2801905.1220057155
ORB,173488.40977241338
DGT,1261919.3336878042
CEC,146180.92541008565
ETZ,366431.3890485881
GJA,202979.80581542215
RLK,1532154.41279613
SAL,7348844.74029192
AOO,296988.8461552824
TMR,140626.43228127446
ANC,322411.88953487005
SJC,2127257.2104025967
KJA,1977702.10066866
DMB,1179718.0879238555
BDL,1894429.1841568013
YAM,179710.83000836987
LNY,57836.30187831782
KKR,1021.131307222494
KLN,33.204261767196506
MUX,16595208.361614956
AHB,2739174.169430796
PVR,2751039.9596528155
BHU,5774875.830688802
NSK,143416.15960615018
PET,623320.1924050667
YNP,1023.5561844274459
ZQZ,1195172.4772359196
KBP,7826656.533948344
OKL,311644.8738693247
SLH,9088.287387284327
MEM,1960419.240523349
TFF,206348.17359177978
TLE,2294729.147246725
GTF,107507.80799207736
BMW,59517.7336
ISC,153397.90170841906
BZN,166036.65201322827
DEL,145685886.94211888
CIZ,108879.72713036515
OGD,111936.83115402443
IMT,170320.79331136768
UAP,1952.2513208678006
SBY,145602.1018472159
MST,627015.9403008183
IJK,1444860.0712770354
HVN,233666.2822471688
PLS,1288796.3149197735
FSC,189731.8232782452
AHO,392545.0897281294
IST,18412710.75970346
KHD,1447942.08306986
NYI,5140734.714744546
NNM,49895.5686087658
NTN,827.9046571747879
GCK,72554.19653297246
DUT,2840.815187111316
YNJ,2932154.627229256
ELF,3248240.818333333
VCE,3445625.7891821563
YVQ,850.7508120461771
CJA,1901642.0669753384
CPR,63978.3989092498
YQX,106415.58919565816
HAJ,3452941.7555801263
GEO,535019.9110979122
VAN,1973162.0418935625
SCC,2236.1245719478575
AGR,11882520.291754542
DBQ,190656.59781175677
COO,10556878.964203997
MOD,251269.66549726523
NPL,119348.03496059404
VQS,121324.17717441876
PWE,6057.231507770085
NOB,149373.7503590218
TOS,88972.59384664103
SEZ,82320.93014811647
OBO,268650.00101397536
YYC,1589343.8253706002
BKC,693.909564903858
BHO,16938439.84606814
BEL,5213593.656095684
FLG,127390.90619314418
SJP,1813935.061017592
LSI,10322.941745817112
KEF,142023.56775695525
FCA,152724.3296546392
COU,245002.29350218692
KMS,4540067.989903556
PMZ,243625.1944263764
NDY,38292.30024285902
YQB,1602647.4320541518
MJZ,71438.49473605464
BKM,206088.90158383106
KNX,9743.481320179455
SDG,1497482.4249158916
AKY,1511275.5937578757
SUF,943850.982285577
EXT,700459.8860709197
RJH,14207644.421567187
TWU,497067.0197579104
YXC,205175.01701776628
TOY,2450421.7694955207
VHC,1599880.465931051
AUQ,2239.5096959508214
SKE,95052.61887512356
MOQ,1429065.4113888254
WEI,845.7053060164243
DYU,8590627.202649176
LXG,656710.8725129131
ZOS,240494.82182247122
RGL,106690.75621363046
GIG,10373025.067833036
PEW,21086892.66520636
BKS,3134278.4768996425
RIG,401397.10125893616
UII,398606.8617833827
SZZ,646830.8285988872
XIL,1037738.2958908506
BGW,11704506.664630905
ERZ,763526.7073081981
MEX,39924686.2392486
SVP,1216224.7088566108
MNG,5397.032816930201
CGY,3641359.788084946
LYA,9822277.170934742
ELI,527.8096791296608
PNK,1358967.2797145462
MFM,7933104.169211794
HKT,2906118.150523036
GEA,93714.22778043088
EDL,8987056.878030557
SYM,800440.7467564917
TBS,4672708.35831935
TKG,5052289.236384634
DIG,1268423.5625110795
MQM,2362815.320302609
YKM,116640.70653207824
SDE,612139.0244962807
OLA,28542.791655843164
GUC,111916.51084311768
MXV,155226.69014478172
JEG,3715.3210839937606
MCK,66576.91961524008
ATH,3227509.3482272825
HMA,188705.29533817718
SHH,748.7080798780236
SOF,3831150.2816361315
CTS,3551668.429700143
SPS,250382.17659912727
YMO,4810.853393212437
LKG,3413157.514698755
LUX,2339826.2423897767
KKN,112782.58002498426
FYU,17598.40428998385
ALC,3985071.2660923526
TNN,261038.3748306001
XSB,352609.1119124124
WRL,64758.60102382901
RMT,1203.594746272331
DYG,8558846.608919881
VPE,1508187.2227779943
MLX,1772016.8231414559
CHG,2643627.3862334383
MMK,172404.16332148793
KRN,27888.8128309696
ASM,4213152.025471265
WLH,6702.60143081482
KLO,2691398.9953850238
BGF,2700641.7873007115
LPQ,1393065.516581764
JAC,120953.7131940574
WEF,4989107.568363296
YLL,185665.95107343962
TGR,253651.8861423605
ROK,108712.96681650373
CUL,1140333.9124270894
LWY,344710.68974164623
TBT,67346.80971373295
CIX,1608161.852530528
RNN,173531.49576161036
PGD,907464.9303876128
QFG,540.415392066854
KKE,63414.088660710724
KIM,1324686.4793678306
RSH,957.9779274670246
FDE,52334.608221360235
JAX,1246798.3783994731
URT,547144.5182103128
CTC,648550.8151290171
NJF,7970767.854794603
CFN,110985.43972268082
WAT,127880.22113648214
WYA,93242.03501788512
AZS,777080.2176196008
PDX,2235158.129935158
GMO,8551823.586818345
YBC,73014.12262283872
BWA,10113874.469267156
PHO,796.589048862819
BEB,50714.31130600081
ENY,2746315.780207448
APW,197658.1235941582
GDZ,309593.42898901674
CHY,107317.21690118732
GCH,534661.8151821763
PPW,37655.21562430127
RBV,22605.957838146234
PVD,931927.0462703485
LIH,124340.87823682994
LAN,349044.56811672053
ORN,3907378.176932707
LJG,6347395.899052927
ELG,164553.08774728118
EBB,22647519.33782497
CCF,638591.4103871565
KOW,7302983.403235999
IPN,1840451.1951761176
HRK,3609796.7234792463
NOJ,94379.31654327144
MKK,71259.80145627682
GGT,35956.68790032364
NOC,435351.8573617985
OLL,909311.9067239542
ITM,6300637.660400922
MMO,22233.2499458684
SVI,437573.51439304615
KGT,1128123.910403055
ADZ,94030.50896191926
VLL,357851.18226652243
ILI,2218.002864846206
AIN,1390.065337471478
PIZ,479.21529405298514
BIR,13103794.799756365
GRQ,460139.9150142346
SMR,1519591.0849492126
GNV,366410.97364854265
CAG,557434.6778171413
TVY,1133183.7014232285
DAB,176515.1435799539
WJU,1106677.296839186
DIY,1617043.579367782
VKG,1664919.9142435403
KUD,291972.4751832196
ARC,212.25377555032568
BHI,689411.4551645854
PUF,489330.443176145
CMB,12691481.138040587
GNY,2586635.277570377
CRM,740752.0857877132
CMG,227251.6716368488
WNP,750600.4351677252
IKT,1829258.0124332856
KPO,751420.1734763446
KCA,938883.2885624914
JDH,14678945.652912024
RGI,2922.48894013326
NQU,524477.8498773776
YFO,31223.461605523702
BUQ,2359139.709760234
SPP,432409.42422696657
TGM,763334.6565423069
UPG,8610244.821253696
BON,849954.3718677312
SCN,282634.6313929167
SEA,4197105.231841705
LPL,2331429.609525794
NPE,66503.44094716919
CEG,275256.9851160626
LUM,2362299.3297069874
KWE,14539013.901354728
FKI,3308731.152229702
ZAM,1686201.4802759525
LLA,233648.93397920774
YPY,36117.0473194152
YQT,218713.90946946907
LEN,298833.0320842996
GPS,17583.005054404355
ZCL,1576845.07071955
LZC,237688.1388703429
LYP,6117237.796954907
OTH,119119.56061015787
GKA,614679.3473828596
AZA,1953552.2184192732
APL,6117781.642281154
TGI,608914.0927453984
LIG,744502.6437166019
PIX,20747.09650877644
ARH,578538.3896511752
VXO,248935.8716450256
GRK,490110.2182143968
RMI,298096.2912099411
JED,7473719.311813997
TKX,915.6470733969172
YTH,26999.338440999327
OST,185812.10540258465
BJA,1904425.976096687
RDD,184071.02344116737
BHB,85343.83645363008
QRO,2801400.637659999
SAT,2497152.123801733
SOJ,18192.651883190265
XGR,290.35573629526
JOL,397646.3682144
BGI,196556.9084338301
GDT,530568.059286764
UKB,2248800.2016295795
WSZ,40992.006956324396
BHV,11426434.646912798
TPS,1001206.7051029956
UFA,3085854.5521100545
MOL,82078.30605817023
KUH,166814.6410287614
ARK,871640.2974792299
RBQ,379247.76181892393
PED,650556.7196630476
ESD,356468.5698753397
TPE,10185621.68444691
ATA,919885.7888669658
GYE,6130720.482394703
KZO,879679.9006871835
ATD,26026.34120339851
BLV,178852.45301747718
PPG,59099.251547541804
AEP,13519396.503215926
BKK,22892227.081878927
SHE,28967422.19981702
EZE,6227238.5370239485
CGR,1488043.2247662398
IGU,2041775.4813359096
HAK,9758740.343455022
BHM,1189722.2007481952
CHO,381874.4700145634
TOF,919010.9829288349
FAV,1349.919983132518
ATL,10477741.926637774
LEC,1263636.2960156535
BUD,6264946.065942714
EYP,262988.65546246234
OVS,282229.9732241628
SAN,4246568.892101841
SBA,591169.879779318
MAM,175498.90453888642
YEK,1497.5013470578162
MSS,198447.75684189255
KFS,720064.6180227408
SUK,13806.445980000004
ELP,1318011.3139639795
JXA,2687112.7030868325
HOB,142640.3736577548
GOI,14927353.420672555
OMA,1516099.6361353819
AUR,249057.82900340203
MEI,230159.26566162324
FNJ,5331551.375057595
IKA,6684007.151453513
WAG,46850.623139044714
EAR,142596.91645180644
LBD,4751203.542325055
SDL,108283.89327101824
BEU,287.50573953153224
CNP,260.8589598966333
OSM,1824475.3054230008
JNZ,3200334.8914413154
HTS,325717.77389898483
SXK,113233.60409861682
YPJ,891.8223932238056
SUJ,651415.3714557146
GOM,8616403.435371798
TGZ,3605255.593204656
BTS,1442676.878418645
CME,1017432.059786897
BEJ,481256.40676742245
KIX,10910608.92313086
ATK,1483.0957654374374
FLA,329781.5406313873
USU,483537.97519733134
DUS,9419250.901316565
VHM,86248.84363483361
LTX,1094972.8046020342
CEZ,57773.72926319461
PFQ,992686.5674996494
YRB,243.83560442904098
RKV,125154.13402572446
MLL,526.3001004115149
KIN,1135854.1101638966
PMO,1344349.0726885658
NSN,93915.34203314006
LNZ,558591.8262375607
PUQ,172336.59000859823
EPR,6681.970497217338
VDE,48406.76424045142
MSN,790075.8743155929
KOA,64023.77439465687
LMA,379.13621809781233
NOU,37933.31467837476
KCK,61633.47599220982
DLG,530.0548003524581
HOU,1468792.3848306432
SCM,899.1190489261899
GAL,308.7315858130469
BOM,54456747.06956462
NZH,695188.0480161179
IKI,583081.7286718843
LAW,249535.70688917808
SHW,490557.87647867185
AAY,128348.47718758002
PCR,456141.5012335035
CNY,56311.94724298605
TPP,1278883.3621572568
CAN,39995020.08381986
IPT,157633.74331214835
TUC,593059.5417079697
SMF,2452013.306156707
EUN,53908.28172303453
TSE,2103497.946297801
MBS,275422.14887674944
PHB,1429861.309050715
ABJ,11578813.636113225
LQM,72258.78352386189
LEA,3721.3432211955874
KYU,130.45015324784944
CAK,605904.4272365015
AWZ,4172260.340023463
HZH,1928797.2906664116
ARW,464452.5022617767
KVL,582.2662930951336
MKE,1669333.0383249666
BBK,372851.92879121524
HEL,3237729.499253872
OIA,246016.5402028359
ITH,246350.9397706306
OKC,1610975.1970866702
SHL,3641523.32070665
LJU,1050504.0992753173
OPO,4886556.534855902
EMD,17012.938186218893
PGX,293042.3536395048
TIR,3705780.145350412
MXX,130555.60150541914
VAA,120230.4306568584
LOE,964614.6744036294
ANV,383.91695784381795
VOL,266204.1088879727
KSD,137267.24416895938
TCQ,268134.31249271816
DEC,226902.2024526207
OCC,536388.7837321692
FOC,13230944.452546187
KTW,3839662.7266468364
VLI,55540.464888759496
BIL,237228.43698349345
AHN,173816.49858170134
OHH,50891.1521480367
NNY,8602870.352612179
PVA,22600.668190721542
WAW,9320244.745730964
UBJ,614357.5400216297
TTT,254136.09555091237
BYO,578914.5803243673
PSJ,1344522.6762893929
KCT,748602.3873883038
MNL,43469039.65967141
CGB,1802273.177212257
INU,10244.41
SOM,470126.6253003503
HAD,276330.8516047493
CCM,507420.8714980598
YIE,626169.1706544447
BHR,6475285.922832054
BMV,2324815.539193139
BRI,2546332.5751770455
MAR,3044312.68403672
ENE,1036338.9296622016
JCK,4597.416511406905
SDD,2136779.6646570903
GDL,9841795.366113832
SPD,10512625.616543094
PSR,649937.109404061
CUZ,1626415.9294477925
TOU,19621.431962452618
FNI,246858.8385631861
NDR,1320881.2205558626
DLI,2112464.314392507
BNX,400821.9308081627
YXN,1008.3831821536572
BGO,532094.0431616876
IOA,153754.31458882082
FKS,1206759.2787470515
HLA,822333.7948799103
LAX,13020933.760556085
ISP,689969.8368959571
AKB,272.9953426505975
MZH,993471.0404425176
KWI,5018258.594114716
JJN,4818176.582000485
REX,1638836.577411704
NAO,4378971.982070468
BGM,311809.93665697594
TZL,433924.5044718832
NLT,1249213.4247129718
CYP,863112.4105591063
PAG,1864893.9118913496
IBZ,2148198.2751295604
ORX,229306.6573891361
NRL,27913.978087663345
ACT,279214.9050710379
GWT,436803.44106148
LUW,696536.0810392742
STC,190604.87346606655
UVF,179867.46473543538
YJT,11265.874565651675
GRR,1251675.6778204823
AGN,2836.186687485115
JHS,2486.6881744899733
YGJ,1360087.5013262755
KSE,3483255.6084323474
GCM,43953.91901135761
IXM,5832601.304752935
ORF,468321.8772890536
BRA,828481.7532506244
BDO,13046279.31743293
CGP,7535264.927251401
YHM,420062.4942537763
ETR,966708.1565577284
RJL,285200.6263637876
CHS,554984.8140042297
CPE,711059.0189683917
BRQ,437737.45919382
RFP,31976.841034271598
RLG,465515.186720174
TVF,113757.91214051776
BOJ,2774839.831857306
KBR,1339318.2970140772
IGA,1111585.0541550543
LRS,341538.5873582358
IRZ,38537.16422202965
UET,4092680.1132449913
JIB,2846746.333985931
JTY,169865.55380957597
MVR,4059230.2868111474
ONQ,420809.9630208805
EJA,758364.1288660931
FMN,304322.72709172673
ROR,28015.436398000005
IND,1973912.7845259563
ICI,11293.145085707098
NYT,1514798.3140553746
SNO,1254389.494234053
VLS,5372.304237815665
TBI,3119.4183263666728
KUS,3196.76642
JFK,8081094.928792283
VVC,1087976.5184357732
SHR,50444.64916171232
TMM,1887414.1811791675
CKB,279131.52541814104
ORK,541668.9422266199
ROO,301631.1771169739
IFO,1174430.2308854407
LOS,29362052.49631828
PPP,28181.07061716448
ZVK,1864361.1509288454
POS,1084284.6258734944
KYP,912499.3592913984
AGS,221061.20348015812
MIS,43400.590461959655
CIJ,470428.65323080256
ART,192300.83987066933
HPN,1190978.3298411043
PBC,2997711.800854385
YNA,3762.190197678056
DCM,459104.0913811156
OTP,19187044.628202297
DWC,821647.7279248905
HEH,3515287.942718864
SSH,346194.0656688422
NVT,1216907.4448676677
NTG,3864128.48184115
POG,204517.22880018962
SMA,11750.55739409917
ISB,49461893.62382674
PTH,86.26855894950118
IPL,185217.34626849613
NKM,2813072.387519197
TBN,190951.5584771446
SLI,2612451.9664011872
TAI,3453535.311211145
FLW,8281.64119731122
BHD,725581.6180400236
TYS,1287918.232293878
LZO,5839666.077662948
KQA,1186.0752959135561
BIQ,1030100.5151779564
CGH,6058543.420325128
SMX,234771.57048560548
YXX,153410.62449210807
SJU,1417524.6610613947
FEN,3370.24
HGA,2118141.552103774
ZRJ,501.2381988813723
DSK,7896492.046730568
PBG,431758.7593114608
MYJ,1219724.7759350177
YYE,4819.702161485572
SSJ,24487.078221240517
BUA,184817.47637819446
LFM,206996.93253338075
FCO,7655450.213765309
TDD,396791.8247065504
CPO,295212.9374128919
LUR,205.7585974339044
PSP,1539153.1592077187
HUI,906288.6702515235
AOJ,610431.626463354
KGP,54355.768963166905
NMA,2502570.9842229662
YYQ,588.4678617079239
KZR,428763.974709781
LNV,98820.10918549364
TOH,5537.859242607644
LGW,6600194.630782393
PLQ,380222.79216411104
BBN,221533.98815927745
UUA,1047707.1299226814
PLU,3620435.058582398
CWB,5757348.028634868
AXA,26747.375868147432
GDV,22305.2264328856
DUD,99680.19827580744
FOE,262299.8300935095
UDJ,750191.7198245384
DDC,284864.23315519013
PRI,22009.62557988353
PAH,245579.6783678013
MEA,1235255.9938620965
ECP,341425.8360284695
TKD,2470259.4307310767
YAY,14153.155970348702
DTW,7672605.646285331
GEL,694100.7268609136
RCY,871.4703952524709
HBA,77496.46021076229
DUJ,238931.74049134523
UKK,638729.7305997867
AFA,412678.9399400087
JNG,12674784.666990126
TUK,749120.0554041923
YHK,1812.3264199999999
PEU,478586.7766668962
CAH,633584.8366069271
SLN,181548.3299264821
TLJ,18.76711237872188
MVD,1210483.6044504587
DXB,3968908.0794092133
MQH,579992.190991082
IAA,47317.77175003865
WUS,3850709.13563624
BOC,328823.8244899535
PVU,134802.11425420054
NSH,1308102.8754372457
SXM,169612.05245820485
CYS,172835.3297121283
JHM,57414.94047790065
LHE,47939455.77399276
SYZ,3802830.5592086236
TTA,75157.91187383892
MYA,58210.421992271615
BJF,64938.3766952366
MLU,370555.69872424525
BRU,7692796.343943614
CLV,528800.4308095083
JGN,1300611.6940387292
BZL,5700382.18447759
EBL,8254537.238247913
TUI,130480.23816281324
ZUH,5644791.582416058
NGQ,1040392.9089558044
FOR,7312532.394634373
HUN,789734.2460104063
PAC,555811.8264935148
MCY,132761.15236481748
YPO,234.32324137868167
ONT,1386050.0906682722
HND,22167718.381830167
BRC,357314.23623431026
DOM,147407.2847259499
MVT,819.2337694955348
ADA,5179925.381971508
PAV,2064140.314135992
MCV,1024.096292477728
NAQ,522.8784566140024
YGH,453.334753580345
PAZ,1825830.1977644437
CLO,5119866.08845872
BHY,8239178.120504513
VLY,200143.36829491574
ILR,6966327.176046486
YXS,91954.6041543153
MLI,685921.039857141
RBY,178.6220237165799
PEE,2174765.166232977
BOD,2735864.9398810454
BHX,4865361.736273929
LGQ,341360.2551132053
PGU,374000.334828576
SHP,2366508.0496246875
IPA,8318.818886351648
ABX,175410.6383739381
TID,1299594.8092735377
MJM,8137938.664127152
DBA,497788.5713878853
NBC,1678490.9943727704
DLZ,84250.36118064055
YCY,1062.908044
YRA,1428.6750157631657
HBX,9403920.90271151
RNL,8565.815655038441
SVD,124966.69188847106
RMF,609054.5281094593
PER,1880859.1207493981
NAP,3121254.531525367
MMX,602990.1627167494
AXD,418638.956737776
NIB,49.13555637486801
BDS,981337.6515008034
DOK,3740959.071403217
